{"_wandb":{"runtime":2538},"_runtime":2538.781811799,"_step":9,"epoch":9,"train_loss":0.03286667210047973,"val_loss":1.0805732603505396,"_timestamp":1.7459465709821875e+09}