{"_wandb":{"runtime":2054},"_timestamp":1.7458636364357307e+09,"_runtime":2048.847839747,"_step":4,"epoch":4,"train_loss":0.05641928077664456,"val_loss":1.2548050850409642}