{"_step":9,"_wandb":{"runtime":826},"epoch":9,"train_loss":0.05217495681409245,"val_loss":1.1499105511895762,"_timestamp":1.7458612366036963e+09,"_runtime":826.579890225}